{"mtx": [[1097.346165378725, 0.0, 616.019231227941], [0.0, 1025.2755120711704, 353.7007131138222], [0.0, 0.0, 1.0]], "dist": [[0.29782304717061253, -0.729101173285986, 0.009482547077240056, -0.004179551291549802, 0.6561017772321613]]}