{"mtx": [[1016.9948698200772, 0.0, 647.3903576255107], [0.0, 1078.9015244747773, 491.26415418540967], [0.0, 0.0, 1.0]], "dist": [[0.19681443721688316, -0.15979528848522398, 0.04020880470336148, 0.01659734348344561, -0.0013677757013442378]], "rvecs": [[[0.4437908985065067], [-0.05214089652712846], [0.055345777181518084]], [[0.40625381975332736], [-0.06972617115585567], [0.03593674728535496]], [[0.3682547228930452], [-0.06443852296420108], [0.05983901990808371]], [[0.36253254436517907], [-0.07743357657429928], [0.0607306700538279]], [[0.3400783663895543], [-0.10535872396678213], [0.05488112825706967]], [[0.3132427581050682], [-0.095998032937699], [0.046110134285358546]], [[0.15769927131351497], [-0.5549115538908256], [3.006228213827714]], [[-0.09642586957957935], [-0.7511723437047726], [2.99864486149977]], [[-0.22245280013357077], [-0.8411659132227074], [2.9815800292064463]], [[-0.14711506966604548], [-0.7521176817245675], [2.9988122944660214]], [[-0.08679184138833676], [-0.6135765690994458], [3.0550591663114255]], [[0.43076409922647346], [0.1624317068963799], [0.06522161600560801]], [[0.4513677938499332], [0.19802862663793938], [0.09970998976851957]], [[0.4341757442561988], [0.17744522007870678], [0.13391595257626823]], [[0.4229552567409187], [-0.0014634609409596721], [0.10345152088727605]], [[0.4516237963936789], [0.023599942472499885], [0.07580102740347616]], [[0.5037023391043078], [0.02957556201932568], [0.10233836087648161]], [[0.47773971176826335], [-0.0034892010203201296], [0.021990028146730647]], [[-0.004498507146262936], [-0.6970369544318198], [3.0136640694527355]], [[-0.1028882648860889], [-0.7747572394084635], [3.0187982717481905]], [[0.08573449855553557], [0.7497023912948593], [-3.0364775951795266]], [[0.5156159430733427], [-0.0032477005117382144], [0.10049846921781261]], [[-1.1178166172187574], [-0.5545580814616271], [2.6705786517422654]], [[-0.8652878848676934], [-0.13460554870926983], [2.787371719556651]], [[-0.01335354700896681], [-0.17920886256138335], [0.027891489132446334]], [[-0.039405284286182674], [0.3263361280211488], [0.40232518498806896]], [[0.26811872855726754], [0.5634531239778423], [0.5454090662912082]], [[0.5981176680888709], [0.9311478196479592], [0.6357464463525444]], [[0.2763668905704311], [-1.5236249392305041], [2.6595879861972787]], [[-0.09683839585438374], [-1.3450950164971354], [2.7473078492292595]], [[-0.28322785289833574], [-0.7667773557531389], [2.9327616431515797]], [[0.5434371378983359], [0.4361659304547384], [0.2948601052794839]], [[0.05325994864592751], [0.2801449655933501], [0.24728855634060704]], [[-0.2409351510457637], [0.17614486429191742], [0.17222247524266351]], [[-0.4676874335885564], [0.05976311890458406], [0.09331327245753068]], [[-0.2869853707450367], [0.30260884718120573], [1.607773418425678]], [[-0.40136802926707205], [0.5938161703509892], [1.6179108307489651]], [[-0.6795483324030718], [0.6946512717338976], [1.4978180828493795]], [[-0.5206455111361494], [0.13428159989055072], [1.2725846722532104]], [[-0.21864859682144783], [-0.36136356017205656], [0.9423423409320144]], [[-0.02699644555705181], [-0.9638023357873032], [0.7201094734960898]], [[0.32592165995845934], [-1.216192049202631], [0.6938635984420084]], [[0.8856425405370203], [-1.045534593782013], [1.176177949287139]], [[1.2036363722479024], [-0.7515654337494521], [1.630265334193889]], [[1.03570465384575], [0.1473558479005697], [2.0223581964679904]], [[0.8593309898751939], [0.007831566081712524], [1.6491857939347792]], [[0.6976090390445799], [-0.1483512891022765], [0.9283680122492579]], [[0.70247333372062], [0.05807262698797559], [0.4678233815127903]], [[0.3551140576609355], [-1.121772729055977], [2.6306821095661013]], [[0.2556225768893436], [-0.6623814294242927], [2.401744911519225]]], "tvecs": [[[-16.99121585073204], [-11.616619517769104], [30.161301556953582]], [[-18.30558174325273], [-8.965724656597471], [32.66649991875944]], [[-19.294209941885118], [-6.486370572398064], [35.68624395786943]], [[-13.30001419072491], [-6.135513294704415], [35.31942738825954]], [[-8.133479587478856], [-6.22057289125508], [35.18894203268066]], [[-1.8698044624791597], [-6.411297528129914], [35.350862827324384]], [[7.7654683198863745], [2.486937339657071], [36.39930144710975]], [[11.822447679756527], [3.029461609792149], [35.2253828550283]], [[15.479282878936848], [2.832012938574153], [34.96550978746172]], [[14.984333948056003], [0.6272970086713621], [32.39885010909164]], [[12.897046250777219], [-2.4389891071314977], [28.721318813042746]], [[-0.08646457029696887], [-10.443051990035961], [27.498792485007684]], [[-3.2019559004046942], [-11.309737310897853], [28.182971209940188]], [[-6.901463395855066], [-11.924462990981935], [29.39743195203425]], [[-9.87972769183062], [-11.241459074759641], [29.07348687727493]], [[-11.571421364951211], [-11.26136946487735], [28.72866763350733]], [[-10.593531095762593], [-8.89576085464917], [31.60131601537854]], [[-5.19997537742202], [-8.02566970407411], [30.622303188796607]], [[5.172434526087231], [-0.5293047860857816], [33.68082794564641]], [[8.100330611569142], [-0.1608808219982438], [33.456752916799154]], [[7.9373925989348155], [-1.2115699136664737], [31.151873506798758]], [[-2.2771304297030737], [-9.06722324917177], [27.83278689628758]], [[-0.47899832908476], [-3.0876623242166032], [34.203056072160514]], [[0.05450571728758491], [-1.3076809209556512], [34.252067646039556]], [[-1.4295888349039478], [-7.742720175193748], [32.75069871391842]], [[3.567559123371148], [-8.50485311263934], [32.68714819954782]], [[6.419762675264254], [-9.686570090932117], [30.143802285840238]], [[6.557012897074504], [-10.871450814675274], [28.49926099720957]], [[4.085694726518051], [-4.576328130395858], [33.80702305953395]], [[2.5969502020455137], [-4.170748217952468], [35.08625289111704]], [[1.236702641816605], [-3.5226667146078934], [35.296294932084194]], [[-1.8774675660431106], [-10.97881036125656], [30.712998956174296]], [[-2.281647250571498], [-10.45056306990935], [33.71626753242983]], [[-3.4010688950548165], [-10.045813136790718], [35.34150233782508]], [[-3.8421660154770043], [-7.900129356848255], [36.33241846121918]], [[4.35455133076175], [-5.362927882468037], [32.63835965936586]], [[4.613974267898382], [-5.024767342264286], [32.27845619997885]], [[2.115431727849158], [-5.887097056079275], [33.890069326264765]], [[-0.40201356062653154], [-8.502669863576365], [36.13282350786911]], [[-4.473654364023002], [-12.690579516611525], [36.99900034476852]], [[-5.2002820789844355], [-13.594578476487555], [34.58981696658821]], [[-2.7710285899840206], [-12.322409863155883], [31.3964364865391]], [[2.8637920392216], [-7.836803740319407], [28.400490546111016]], [[5.664029244743298], [-5.5056494251765], [27.814532525957485]], [[6.451372264119067], [-1.8514055102256113], [32.801916899954406]], [[4.232372755510375], [-4.895644609150787], [32.37746700426674]], [[0.3424346040005823], [-11.34838487580648], [29.65072177511006]], [[-3.1594361738350822], [-11.494860985451945], [30.562066001765583]], [[0.8886771699156856], [-3.420191174501318], [34.501873098829755]], [[-0.5539514756581079], [-5.027905891331159], [33.466697345963695]]]}