{"mtx": [[1083.1501207178346, 0.0, 609.8407899748739], [0.0, 1007.6437427090115, 350.8927586745771], [0.0, 0.0, 1.0]], "dist": [[0.25637571650992985, -0.6502441963296446, 0.00996046796942879, -0.00014376098697232664, 0.4648243844084608]]}