{"mtx": [[991.0846056459615, 0.0, 588.392796996554], [0.0, 1032.517713651863, 475.20602497884477], [0.0, 0.0, 1.0]], "dist": [[0.23595887158721332, -0.23604613271474603, 0.03269730199058793, -0.019216905100826676, 0.06905718097274192]], "rvecs": [[[0.3129955998715929], [-0.00464501757787302], [0.028010843128571817]], [[0.24403794064459622], [0.17842500870895617], [0.16146826558058142]], [[0.2751617396702134], [0.03558056245179924], [-0.003167034260069952]], [[0.12556191983874668], [-0.5124929853127032], [3.0337044796523194]], [[0.08345453649337789], [-0.5188505165384734], [2.9920806378683613]], [[0.05854367196533167], [-0.46645565491584445], [2.960047240154002]], [[0.2299825098178047], [-0.408442921188799], [3.0506525353248337]], [[0.427054341824615], [-0.5222973232831533], [3.002638874732511]], [[0.15239319583379363], [-0.5191244097365985], [2.9971409664773696]], [[0.4527182372908008], [1.0243263839901315], [0.3148922213945818]], [[0.45612479377021614], [1.065197888055205], [0.31812770727727646]], [[0.42789359573368757], [0.8732517896300795], [0.28160986285081485]], [[0.4653677936483062], [0.770998883721119], [0.23712474621820043]], [[0.3741258338950291], [0.6926703721383816], [0.20890865165250103]], [[-1.4965646148018743], [-1.0693463947962922], [2.220467506103804]], [[0.38249926250454275], [-0.46781542456632413], [0.053195797238442574]], [[-0.062203572437957086], [0.17650571224262734], [0.06984080974399574]], [[-0.2708918670396891], [0.043894563122898744], [2.941827767038391]], [[-0.34821724297562695], [0.3167979126431165], [2.602895616455927]], [[-0.496109783045446], [0.12064636906525136], [2.3711962598060414]], [[-0.39482980134923445], [-0.14484017678787298], [2.2868168607600214]], [[-0.04005535532485954], [-0.7811001240105538], [2.0692401306139927]], [[-0.15396796215385286], [-1.2200623003952145], [2.3499078416960577]], [[-0.08549343421193506], [-1.4778930889831623], [2.71008836464726]], [[0.9616967211283961], [-0.1915457786856091], [0.3113406273411017]], [[0.7544407240879796], [-0.1692083202480572], [0.6648864773244819]], [[0.7233587322860496], [0.44987697864951337], [1.1535694046579255]], [[0.3717965149916218], [0.5872695197302094], [0.9745881281645083]], [[0.1239502397893172], [0.6531394390754568], [0.6755731419019385]], [[-0.016286671566591356], [0.4903222555551579], [0.37387142567600995]], [[-0.4838620234423168], [0.006824424207841675], [-3.0373016050192687]], [[-0.0350717670642079], [0.44058126490952215], [2.6498088759367007]], [[-0.5048282121987047], [0.5873384384161014], [0.4586049664139517]], [[-0.21267482698076368], [0.4234279914316635], [1.6219827142487093]], [[0.5184434629810568], [-0.3249164357151497], [1.4494232832259089]], [[0.9622109821711115], [-0.5547771088521776], [1.299735233652925]], [[1.1398018920211532], [0.19286314339364796], [1.685663696138027]], [[0.0785111066481695], [-0.7546593615597766], [0.8534588260988887]], [[-0.16337208220668142], [0.18047464200516092], [0.894873342217501]], [[-0.7694796256889714], [-0.4035424312021972], [-1.3791923034559948]], [[-0.5815773343796146], [-0.1976421052300853], [-1.451008299038917]], [[-0.21336239920087136], [0.33227296699796416], [1.6355596640286938]], [[0.28230190780520686], [0.27150862526882724], [1.6371595417800906]], [[0.5944844417309535], [0.6041151351109684], [1.3370523667589918]], [[0.3989481516246726], [0.9273666321637943], [1.0438638240156501]], [[-0.26336008366098224], [0.17033359728761752], [1.8520579099883594]], [[-0.3608553386526895], [-0.1875745326542243], [2.19202429123257]], [[-0.5227518180712017], [-0.06886488078863255], [2.0944980467075798]], [[-0.45966479653797404], [-0.023575787535980688], [2.159765428121309]], [[-0.41815208154090083], [0.05566071593480476], [1.9380376423222458]]], "tvecs": [[[3.4789242600090042], [-11.538925000191128], [32.86106802218336]], [[-3.9995306541943982], [-12.714513787434791], [33.054540873567106]], [[-14.465523738345718], [-10.5146182255441], [31.63483915451249]], [[-8.327617514253864], [0.17127991015449145], [36.35598876236453]], [[-2.706630078536188], [1.3610159582782884], [35.62904772242422]], [[3.3401204676673664], [1.6762568474569104], [34.64936030841908]], [[10.620015028565364], [0.8484015657828959], [35.001075006707765]], [[15.756689915805936], [1.4043298573458731], [34.5579917658057]], [[16.087046706028868], [-2.4968911116409678], [29.12100001712606]], [[6.876511635151226], [-12.43998524979871], [29.995224478946067]], [[6.7904965434546325], [-10.613404996270575], [32.055268069866614]], [[-2.2048627235268685], [-11.36602878317658], [31.55384942613902]], [[-8.659383966834426], [-11.01300488133439], [33.51296338058207]], [[-14.880541864424693], [-11.35330966985646], [31.691271887700367]], [[-11.222200022106477], [-4.48862227401624], [34.570473167006874]], [[3.858276180583016], [-7.788182673834083], [31.253756784466624]], [[-1.9210631251293075], [-10.817346204554125], [37.23048302992897]], [[2.8017536599924107], [-2.937440914685572], [36.65619355382461]], [[2.237542642896655], [-4.325695362963696], [35.92040665059232]], [[1.6820628147241603], [-4.911316937562086], [35.546973608181915]], [[0.4128922649772046], [-5.751551824539758], [35.65734745456049]], [[-0.08126202456718566], [-6.681741213107825], [34.46373604020548]], [[1.330352269535008], [-5.912800324725636], [34.498028299042716]], [[3.099728470688898], [-4.4699186527103425], [34.37987926250892]], [[0.902545583110089], [-9.199530622291954], [26.714556934906952]], [[4.272248763331842], [-9.729937403909961], [27.121972631530088]], [[8.742662671177012], [-7.468178108442491], [29.380382981542233]], [[8.774419838787548], [-9.24264911540796], [30.503432397759333]], [[6.4596416663797065], [-11.433661057580723], [32.86627405471441]], [[1.8403438930190354], [-12.217153155906376], [36.145109141031796]], [[2.9662783874508576], [-4.03458196445216], [35.28196109815359]], [[1.4757182594827531], [-4.172238764078384], [36.97639655772411]], [[2.429860738212713], [-8.864903618588585], [38.658836429490485]], [[4.666977384744864], [-7.528072431877586], [35.23427059725211]], [[3.101223691664608], [-8.563067182480223], [33.35367295288135]], [[2.0347048465322843], [-8.476703931769986], [31.56979321093313]], [[6.2343184249575225], [-8.961706477127747], [33.23243913581212]], [[-3.7772316776856147], [-13.097974746394472], [35.88103756401409]], [[-0.11732670189962233], [-9.577748040470182], [39.348769234397835]], [[-4.923074750587197], [-3.9676254339933443], [44.23344985393541]], [[-5.86949062382328], [-1.6771365466720742], [46.39209720804056]], [[3.465719454489549], [-4.514467617333642], [49.83165778979244]], [[6.551800815028337], [-4.267171110747871], [49.84408482585187]], [[8.706463061013272], [-6.062479169505016], [45.65899103424855]], [[11.787227517353474], [-10.045278511169402], [38.9023161564867]], [[0.3918085123755266], [-9.47845633817029], [48.899996446934374]], [[-5.677664976959265], [-11.915550669745208], [50.0217139188414]], [[-6.4158457981910155], [-9.699363179855744], [51.327572606437386]], [[-6.915696913040881], [-9.06446333001839], [51.23124000484712]], [[-6.210494835172858], [-9.00802649802101], [51.36843072382194]]]}