{"mtx": [[1089.215176806708, 0.0, 570.7928347989764], [0.0, 1014.6500340000836, 346.8601854319194], [0.0, 0.0, 1.0]], "dist": [[0.19373880875395558, -0.2686840135138539, 0.011437623260239779, -0.023239136291742818, 0.08154838442041025]]}