{"mtx": [[1006.8521242870461, 0.0, 621.7341467217167], [0.0, 1050.0538612584282, 486.20566031984913], [0.0, 0.0, 1.0]], "dist": [[0.1438210842139998, -0.1867690968005259, 0.023253217339638362, -0.0009763597031443434, 0.06482451522654271]], "rvecs": [[[0.31398374295198894], [0.05634874699974338], [0.16679302952688838]], [[0.4134998821853151], [0.11480679573480276], [-0.1078297242888575]], [[0.40243920201432015], [0.015076900607181316], [-0.08891533032094032]], [[0.3916120208984328], [-0.0355958763034313], [-0.09176880649938873]], [[0.37634006673384646], [0.052556181788776815], [-0.0867832739571161]], [[0.35974296241881665], [0.10242768330880808], [-0.05649393376026319]], [[0.31671262852154225], [0.1565524445416705], [0.025769845361877156]], [[0.3437982242524714], [0.07108591734000033], [0.05244809752098186]], [[0.26249217557160237], [0.16750468715151023], [0.3213142057470645]], [[0.3556665628661163], [-0.2122071815196537], [0.03970180041240104]], [[0.4551896287989441], [-0.15663384550630763], [0.08579138605884641]], [[0.47027867361110975], [-0.09056459039412676], [0.14958403234507758]], [[0.5011918089403357], [0.026841176772675432], [0.1689966914565759]], [[0.5565390678332833], [-0.0749269142246648], [0.08326555145184693]], [[0.5129969635958761], [0.09522075050918608], [0.042999757374524765]], [[0.5384076055577671], [0.06646972791073842], [0.06496796220075152]], [[0.47598050857442936], [0.08821791717831062], [0.09922136882411264]], [[-0.03004484968357525], [0.5602833305381122], [-3.092319633248543]], [[-0.0845485550232565], [0.5296579997213333], [-3.091648312296901]], [[0.3411452537642173], [0.07540997971037446], [-0.00238456938938039]], [[0.35537198440658857], [0.0972634684029088], [0.007149991493145241]], [[-0.5513487435993535], [-0.3323369028160354], [2.956812085783]], [[0.32935202729792673], [-0.659262925252038], [-0.25243815999545943]], [[0.3822436490346044], [-0.6958722463609284], [-0.3008906959097793]], [[0.23768067662095968], [-0.6817338104411687], [-0.3992907109557258]], [[-0.1680872285956779], [0.030690254437927604], [3.109304304722048]], [[0.12010051665866915], [0.539382583999578], [0.49307886488930336]], [[0.3911435838426804], [0.9024656048221806], [0.6901236869468494]], [[0.49474084744941493], [1.0446096756131964], [0.7109560510887235]], [[0.8985951512693261], [0.4293250138803781], [0.27749320907121827]], [[1.1654508831891222], [0.07353279206127612], [0.21949542589772603]], [[1.1756622078582413], [-0.14026289644822684], [-0.0038302310432336887]], [[1.1857255098460904], [-0.06353208173387301], [-0.03535907712458383]], [[0.8721733649583949], [-0.08703209291991681], [-0.10690150270152662]], [[0.3111977629926968], [0.6236293640265946], [-1.4570885915669318]], [[-0.3432968810867851], [-0.15837482986545576], [-1.4357516215290151]], [[-0.4666608149158718], [-0.37580183559985475], [-1.3405297418581246]], [[-0.4686981802742879], [-0.3073835494717801], [-1.2310652026378657]], [[0.582342516208384], [0.36060561811087277], [-0.740630273482034]], [[1.0020843924227183], [0.20496061418878328], [0.007142227103893535]], [[0.9838095392739603], [-0.10630095504293391], [0.7773154592801785]], [[0.6415866874054126], [0.13016116409684644], [1.2354071399594222]], [[0.050520581954600824], [0.5227613490860087], [1.4731470349853117]], [[-0.288463364876553], [-0.23257337541300535], [-1.1324137200872357]], [[-0.11528338190257675], [-0.30061833154875706], [-1.3978316277729081]], [[0.6291312335015705], [-0.3526103976904117], [0.05269857147059379]], [[0.5455425234675839], [-0.45913738188576114], [0.012919996101490128]], [[0.31834874939434876], [-0.5112696044825789], [-0.026737431068729226]], [[0.49936188605085424], [-0.9120093071277292], [-0.3275153932242101]], [[0.5645301044309486], [-1.0344081058310264], [-0.37664504323745956]]], "tvecs": [[[7.306042917513295], [-6.932573203569834], [24.360900850653586]], [[11.191463210835135], [-12.05092757915079], [32.73974281149986]], [[11.308894509349443], [-8.203049999940886], [34.092884354403665]], [[11.201198012035196], [-5.115184636820959], [35.479487178861625]], [[6.234912148160537], [-5.884165318608228], [36.15117566892677]], [[1.8139654656585111], [-7.073316655914471], [36.46571059340857]], [[-4.128048281460149], [-5.849818680376265], [35.85158991045732]], [[-7.55922832341679], [-8.488447101158881], [37.21906497149417]], [[-12.719715282966636], [-6.644359230386359], [38.30119886463561]], [[-15.16449909693098], [-6.521418568152916], [38.06062600107945]], [[-14.735804410149383], [-9.575418562522826], [35.08109156887252]], [[-13.87553722083548], [-11.510660132283391], [33.50978470791846]], [[-8.710697240666327], [-11.531516197217334], [32.90882769808312]], [[-4.926246561372987], [-11.292771255144284], [31.352522597943665]], [[1.1150976622057585], [-11.771826202870253], [30.936874641514024]], [[5.651053991567311], [-10.365677511489745], [29.25154646979438]], [[8.78715270922731], [-8.46153020133037], [29.601670903253243]], [[9.98173529642096], [-1.9175925829598], [33.373609641055786]], [[6.673256515030262], [-2.184364255243906], [33.549318136534936]], [[-2.961316527973779], [-10.456307180734099], [31.545652447078844]], [[-5.931772106892626], [-11.175060847044747], [32.08940674216629]], [[-3.2480701253993236], [-4.140968003027034], [36.78241981118523]], [[-11.609922547926718], [-11.48752049559002], [31.521538363779083]], [[-11.223636451357262], [-7.445562787668733], [32.527238630954486]], [[-8.871172651413987], [-6.248312044106308], [33.267438419172684]], [[5.620627521016015], [-1.5953991126689113], [35.72912827467712]], [[5.344304227006424], [-8.884339855064852], [31.824570776546327]], [[8.54843984920085], [-9.142032703643787], [29.147199059446994]], [[9.861275230808651], [-9.738724909365528], [27.837145440060116]], [[5.77586624135559], [-9.22257168779636], [26.866463370471326]], [[2.112679797367304], [-8.2430785474365], [25.43655091302502]], [[0.1591881252866444], [-7.649384897991343], [24.11173088199683]], [[-4.793007539504368], [-8.092612597987372], [23.542350063741686]], [[-5.409939946413217], [-9.555798272197437], [26.248365576385947]], [[1.5185356301740738], [-2.931254155189791], [31.422599046983322]], [[0.4883684563554259], [-1.22423793409485], [31.22798821474594]], [[-1.0012654275614628], [-1.7998233605858018], [33.211198424963925]], [[-2.888646597412412], [-7.066552503996187], [38.915904551754466]], [[-3.791693648725064], [-10.894216088869415], [38.69713525904691]], [[-2.794313218915437], [-11.8254859487358], [36.94838164914727]], [[3.1506462485900664], [-12.412682983587837], [34.44093785310278]], [[6.757666897416967], [-12.903722102004922], [37.94240629185606]], [[8.780407569691395], [-9.541119918975056], [40.97963302805424]], [[-5.584105122244115], [-2.7435016381206623], [41.4124640712222]], [[-7.872859002288929], [-5.337773345309279], [41.452436601463816]], [[-18.828127059097433], [-11.82942996584968], [37.75510003342461]], [[-18.21884441979143], [-13.964344762936067], [34.89055579283067]], [[-16.52279072050985], [-9.714415789105814], [39.17111756164917]], [[-16.86932924241055], [-7.587851151767551], [36.16031413141614]], [[-16.034646319621185], [-8.896171391962197], [33.83559070077721]]]}