{"mtx": [[997.5580630451939, 0.0, 652.2483490452232], [0.0, 936.7155777507024, 308.0795694911962], [0.0, 0.0, 1.0]], "dist": [[0.1444003256708598, -0.30315677605457014, -0.005721016590975749, 0.0005028194743457798, 0.04993423111278327]]}