{"mtx": [[989.9695568446541, 0.0, 632.5875676973224], [0.0, 1051.297647141839, 417.9632733106079], [0.0, 0.0, 1.0]], "dist": [[0.28960664819428444, -0.5614761249901746, 0.01808951265156863, 0.014434352882886565, 0.4075639436059264]], "rvecs": [[[0.0012885645961477421], [-0.5958665721124033], [3.0211796456098488]], [[-0.7259058181446176], [-0.5070525171878759], [2.8399112500038006]], [[-0.8150682840778939], [-0.8643104814558816], [2.6667626848239356]], [[-0.6758287965929235], [-1.2726298685468889], [2.553688994826398]], [[1.0446757686447372], [-0.11439178286252985], [0.09120990206781815]], [[1.0426675222461712], [0.29919333964801975], [0.4983986496927352]], [[0.870235332862588], [0.6346174566559699], [0.9736818483893758]], [[0.10086092427431273], [0.42381376314509517], [0.4520344693118276]], [[-0.09638988669208672], [0.013897995953035128], [0.045355350706166565]], [[-0.6993049820715049], [-0.041484326300422245], [0.04657962632176879]], [[-0.33539146246724416], [-0.26958066240144374], [3.04755007196539]], [[-1.0052723850899117], [-0.37994102412021113], [2.722306645232354]], [[0.5197841966194471], [0.5610614905597193], [0.12452804899265527]], [[-0.27449542245248987], [0.1601935345241685], [0.07333900753188456]], [[-0.24341030984592263], [0.4663452373593621], [1.5184941346935934]], [[0.9040891578455134], [0.006867916602219502], [1.7001154257021214]], [[0.7801712811859366], [-0.018890835873083753], [1.7203228024237052]], [[1.2621490097139219], [-0.00990766814517604], [1.7323216930403709]], [[-0.2983780682281676], [0.7896589825049221], [1.4696456497512154]], [[-0.41263676950064276], [0.4270032844771869], [0.6390684803548324]], [[-0.1602350151714063], [-0.12171833453892843], [-0.03162564876019686]], [[-0.8953921119794581], [0.1325416683818023], [2.270807086716002]], [[-1.23073433038145], [-0.32974643733804104], [2.0813996725027137]], [[-1.2535800549380118], [-0.9474379299919545], [2.3875673216554123]], [[0.6983229089836165], [1.4645226315859539], [-2.688246905688566]], [[0.8954889121222281], [0.5288366773337874], [0.37762434182104465]], [[-0.10415845747256526], [-0.09580838692649847], [3.0809641259934444]], [[0.22546307510391392], [0.25877294500217063], [0.4732267128090048]], [[0.07051317055165124], [-1.4549458745547008], [2.757102510826508]], [[-0.45355448302169926], [-0.1033964377464433], [-0.0012332714950823798]], [[-0.1591178099213044], [-0.7068209176569147], [0.21431791675817033]], [[-0.18730078351770632], [0.30765303550290823], [1.3492306846464759]], [[0.7037067698484043], [-0.22007377726221977], [1.4557204894775118]], [[-0.30755453466961413], [-0.15887895707034586], [1.159648024252037]], [[-0.020696943417856214], [-0.6197691220735547], [0.476216384757931]], [[0.2625702232979038], [-0.29410250644906283], [0.009042905967979123]], [[0.21035971865879646], [-0.17035707715489148], [0.07958214886691804]], [[0.25637551584598145], [-0.15174897492493986], [0.02724025315668587]], [[0.26166251538472424], [-0.1453256042137221], [0.02922533487611684]], [[0.20291561787988605], [-0.03521339660986934], [0.059203120018383106]], [[0.21946871481173502], [-0.05817137119300914], [0.023751744670936607]], [[-0.07403650234964654], [-0.3782019472373963], [3.0979292652185806]], [[-0.10912122683898144], [-0.40748892390973224], [3.0623464449896236]], [[-0.0992314770898657], [-0.5398671667815466], [3.0437021253306247]], [[-0.0901075748074252], [-0.5478558178549666], [3.0322831872408162]], [[-0.08134316194694485], [-0.597647329278496], [2.9994317600166456]], [[0.39336001736586695], [0.0028173157419758683], [0.054344908713899506]], [[-1.2486989012053893], [-0.39304576806959013], [2.525206935585281]], [[-1.3440706064844166], [-0.47197106406833955], [2.4418117200911067]], [[-0.328323994639893], [-0.01734995725858568], [-0.011832432310346466]]], "tvecs": [[[3.374545330013859], [-1.1296244760939351], [36.24756124749385]], [[1.213666673374559], [-1.8938473370436213], [36.84131338137591]], [[0.7194697854250611], [-3.4215363635547744], [36.639797472382156]], [[0.7941422608561001], [-4.914693158921225], [36.234558988733085]], [[-1.325795039952424], [-7.186625507489304], [28.23589042703148]], [[1.4085665225868236], [-8.761066173775447], [29.124082596541715]], [[5.254448158432111], [-7.474717616960485], [32.7809154210905]], [[1.539021401693318], [-8.120026323991349], [37.32539639541406]], [[-3.4519674681354084], [-7.649012071189895], [36.31689956231685]], [[-3.1589301996694337], [-7.959861393356156], [36.507931910969184]], [[2.401751169044267], [-0.9300300789003604], [34.68042157272519]], [[0.8877872090220847], [-1.6840202854412822], [36.168918125171835]], [[2.3126912049393606], [-9.964289631901641], [34.71613376006603]], [[2.0334639464258815], [-5.306834913290008], [40.70350260268984]], [[8.568124416165432], [-3.764223414396757], [37.189158430203605]], [[14.288310602603882], [-5.883055045180755], [34.26237855599976]], [[14.791028079697186], [-5.593446046415473], [34.910501631930444]], [[14.303988290679708], [-5.049819867835444], [31.579175325262042]], [[10.101176597769307], [-3.6617184143082153], [37.72786131263402]], [[1.836169593854526], [-7.405473793191555], [40.21831093056122]], [[-4.6856230625793325], [-7.0951733280750355], [36.376969505074456]], [[-0.28486411654616345], [-0.669270586871319], [34.763967496161584]], [[-1.9520250886630386], [-2.320527449055034], [35.493060248739894]], [[-3.7860638014352976], [-3.1761188661331867], [35.382408200778166]], [[0.7517209689581993], [-3.796406917497964], [35.988558997873014]], [[3.3354713200139545], [-11.133190686496082], [34.12279055418448]], [[13.35061706757702], [-8.27066579993363], [57.223154839048135]], [[10.354372714225216], [-17.568241373131354], [57.11136385029861]], [[13.194803509087926], [-12.515527381138751], [60.84423572899284]], [[6.195206397817774], [-14.703862975069123], [61.06516604286686]], [[4.851583786721976], [-15.851169783481838], [59.17439877574743]], [[12.561969327590626], [-10.622048191539886], [56.10647623470567]], [[16.46520458421003], [-11.273189637221364], [53.159703868310785]], [[5.626215769645043], [-11.398906051286698], [61.86663826043959]], [[-0.9593456542427639], [-13.944341391136293], [50.422402267754734]], [[-15.765507056994576], [-9.445907127729482], [30.654588290026467]], [[-16.799068510860877], [-4.292943595048124], [35.03764483875795]], [[-9.789589067250123], [-5.206252937429563], [35.67015644947382]], [[-3.4419271118131385], [-6.1613078804806385], [36.38889246856858]], [[4.675537931322961], [-6.560186302192463], [36.98326326090275]], [[9.49093986974306], [-6.552012705117047], [37.340401264462606]], [[19.827787013681263], [3.4010950909546667], [40.74291185663404]], [[19.556670490098664], [-1.2005970319607517], [39.60572280127663]], [[17.892589519497587], [-2.407358687305459], [38.005711460760445]], [[11.59891798244306], [-3.1091636298441387], [36.07272862995507]], [[4.252048632976152], [-0.46076541137310856], [32.6022150006702]], [[-7.063893227967856], [-9.741554062743472], [29.32888413755453]], [[-8.683934838714581], [-1.0504325759969466], [32.405377856915905]], [[-8.634374663982626], [0.8816152399781221], [34.341530715946305]], [[-8.465835577865104], [-2.1902669442317473], [36.08748097800663]]]}